<?xml version="1.0" encoding="UTF-8"?><?mso-application progid="Excel.Sheet"?>
<Workbook xmlns="urn:schemas-microsoft-com:office:spreadsheet" xmlns:xsi="http://www.w3.org/2001/XMLSchema-instance" xmlns:x="urn:schemas-microsoft-com:office:excel" xmlns:x2="http://schemas.microsoft.com/office/excel/2003/xml" xmlns:ss="urn:schemas-microsoft-com:office:spreadsheet" xmlns:o="urn:schemas-microsoft-com:office:office" xmlns:html="http://www.w3.org/TR/REC-html40" xmlns:c="urn:schemas-microsoft-com:office:component:spreadsheet"><OfficeDocumentSettings xmlns="urn:schemas-microsoft-com:office:office"><Colors><Color><Index>3</Index><RGB>#99ccff</RGB></Color><Color><Index>4</Index><RGB>#c0c0c0</RGB></Color><Color><Index>5</Index><RGB>#ccffff</RGB></Color><Color><Index>6</Index><RGB>#ff0000</RGB></Color><Color><Index>7</Index><RGB>#ffffff</RGB></Color></Colors></OfficeDocumentSettings><ExcelWorkbook xmlns="urn:schemas-microsoft-com:office:excel"><WindowHeight>9000</WindowHeight><WindowWidth>13860</WindowWidth><WindowTopX>240</WindowTopX><WindowTopY>75</WindowTopY><ProtectStructure>False</ProtectStructure><ProtectWindows>False</ProtectWindows></ExcelWorkbook><Styles><Style ss:ID="Default" ss:Name="Default"/><Style ss:ID="Result" ss:Name="Result"><Font ss:Bold="1" ss:Italic="1" ss:Underline="Single"/></Style><Style ss:ID="Result2" ss:Name="Result2"><Font ss:Bold="1" ss:Italic="1" ss:Underline="Single"/><NumberFormat ss:Format="Currency"/></Style><Style ss:ID="Heading" ss:Name="Heading"><Alignment ss:Horizontal="Center"/><Font ss:Bold="1" ss:Italic="1" ss:Size="16"/></Style><Style ss:ID="Heading1" ss:Name="Heading1"><Alignment ss:Horizontal="Center" ss:Rotate="90"/><Font ss:Bold="1" ss:Italic="1" ss:Size="16"/></Style><Style ss:ID="Normal" ss:Name="Normal"><Alignment ss:Vertical="Bottom"/></Style><Style ss:ID="co1"/><Style ss:ID="co2"/><Style ss:ID="co3"/><Style ss:ID="co4"/><Style ss:ID="co5"/><Style ss:ID="co6"/><Style ss:ID="co7"/><Style ss:ID="co8"/><Style ss:ID="co9"/><Style ss:ID="co10"/><Style ss:ID="co11"/><Style ss:ID="ta1"/><Style ss:ID="ce1" ss:Parent="Normal"><Borders><Border ss:Position="Bottom" ss:LineStyle="Continuous" ss:Weight="2" ss:Color="#000000"/><Border ss:Position="Left" ss:LineStyle="Continuous" ss:Weight="2" ss:Color="#000000"/><Border ss:Position="Right" ss:LineStyle="Continuous" ss:Weight="2" ss:Color="#000000"/><Border ss:Position="Top" ss:LineStyle="Continuous" ss:Weight="2" ss:Color="#000000"/></Borders><Interior ss:Color="#99ccff" ss:Pattern="Solid"/><NumberFormat ss:Format="General"/></Style><Style ss:ID="ce2" ss:Parent="Normal"><Alignment ss:Vertical="Top" ss:WrapText="1"/><Borders><Border ss:Position="Bottom" ss:LineStyle="Continuous" ss:Weight="2" ss:Color="#000000"/><Border ss:Position="Right" ss:LineStyle="Continuous" ss:Weight="2" ss:Color="#000000"/><Border ss:Position="Top" ss:LineStyle="Continuous" ss:Weight="2" ss:Color="#000000"/></Borders><Interior ss:Color="#ccffff" ss:Pattern="Solid"/><NumberFormat ss:Format="General"/></Style><Style ss:ID="ce3" ss:Parent="Normal"><Alignment ss:Vertical="Top" ss:WrapText="1"/><Borders><Border ss:Position="Bottom" ss:LineStyle="Continuous" ss:Weight="2" ss:Color="#000000"/><Border ss:Position="Right" ss:LineStyle="Continuous" ss:Weight="2" ss:Color="#000000"/><Border ss:Position="Top" ss:LineStyle="Continuous" ss:Weight="2" ss:Color="#000000"/></Borders><Interior ss:Color="#c0c0c0" ss:Pattern="Solid"/><NumberFormat ss:Format="General"/></Style><Style ss:ID="ce4" ss:Parent="Normal"><NumberFormat ss:Format="General"/></Style><Style ss:ID="ce5" ss:Parent="Normal"><Borders><Border ss:Position="Bottom" ss:LineStyle="Continuous" ss:Weight="2" ss:Color="#000000"/><Border ss:Position="Left" ss:LineStyle="Continuous" ss:Weight="2" ss:Color="#000000"/><Border ss:Position="Right" ss:LineStyle="Continuous" ss:Weight="2" ss:Color="#000000"/><Border ss:Position="Top" ss:LineStyle="Continuous" ss:Weight="2" ss:Color="#000000"/></Borders><Interior ss:Color="#99ccff" ss:Pattern="Solid"/></Style><Style ss:ID="ce6" ss:Parent="Normal"><Alignment ss:Vertical="Top" ss:WrapText="1"/><Borders><Border ss:Position="Bottom" ss:LineStyle="Continuous" ss:Weight="2" ss:Color="#000000"/><Border ss:Position="Left" ss:LineStyle="Continuous" ss:Weight="2" ss:Color="#000000"/><Border ss:Position="Right" ss:LineStyle="Continuous" ss:Weight="2" ss:Color="#000000"/><Border ss:Position="Top" ss:LineStyle="Continuous" ss:Weight="2" ss:Color="#000000"/></Borders><Interior ss:Color="#ccffff" ss:Pattern="Solid"/></Style><Style ss:ID="ce7" ss:Parent="Normal"><Alignment ss:Vertical="Top" ss:WrapText="1"/><Borders><Border ss:Position="Bottom" ss:LineStyle="Continuous" ss:Weight="2" ss:Color="#000000"/><Border ss:Position="Left" ss:LineStyle="Continuous" ss:Weight="2" ss:Color="#000000"/><Border ss:Position="Right" ss:LineStyle="Continuous" ss:Weight="2" ss:Color="#000000"/><Border ss:Position="Top" ss:LineStyle="Continuous" ss:Weight="2" ss:Color="#000000"/></Borders><Interior ss:Color="#ffffff" ss:Pattern="Solid"/></Style><Style ss:ID="ce8" ss:Parent="Normal"><Alignment ss:Vertical="Top" ss:WrapText="1"/><Borders><Border ss:Position="Bottom" ss:LineStyle="Continuous" ss:Weight="2" ss:Color="#000000"/><Border ss:Position="Left" ss:LineStyle="Continuous" ss:Weight="2" ss:Color="#000000"/><Border ss:Position="Right" ss:LineStyle="Continuous" ss:Weight="2" ss:Color="#000000"/></Borders><Interior ss:Color="#ffffff" ss:Pattern="Solid"/></Style><Style ss:ID="ce9" ss:Parent="Normal"><Alignment ss:Vertical="Top" ss:WrapText="1"/><Borders><Border ss:Position="Bottom" ss:LineStyle="Continuous" ss:Weight="2" ss:Color="#000000"/><Border ss:Position="Right" ss:LineStyle="Continuous" ss:Weight="2" ss:Color="#000000"/><Border ss:Position="Top" ss:LineStyle="Continuous" ss:Weight="2" ss:Color="#000000"/></Borders><Interior ss:Color="#ccffff" ss:Pattern="Solid"/></Style><Style ss:ID="ce10" ss:Parent="Normal"><Alignment ss:Vertical="Top" ss:WrapText="1"/><Borders><Border ss:Position="Bottom" ss:LineStyle="Continuous" ss:Weight="2" ss:Color="#000000"/><Border ss:Position="Right" ss:LineStyle="Continuous" ss:Weight="2" ss:Color="#000000"/><Border ss:Position="Top" ss:LineStyle="Continuous" ss:Weight="2" ss:Color="#000000"/></Borders><Interior ss:Color="#c0c0c0" ss:Pattern="Solid"/></Style><Style ss:ID="ce11" ss:Parent="Normal"><Alignment ss:Vertical="Top" ss:WrapText="1"/><Borders><Border ss:Position="Bottom" ss:LineStyle="Continuous" ss:Weight="2" ss:Color="#000000"/><Border ss:Position="Right" ss:LineStyle="Continuous" ss:Weight="2" ss:Color="#000000"/></Borders><Interior ss:Color="#c0c0c0" ss:Pattern="Solid"/></Style><Style ss:ID="ce12" ss:Parent="Normal"><Alignment ss:Vertical="Bottom" ss:WrapText="1"/><Borders><Border ss:Position="Bottom" ss:LineStyle="Continuous" ss:Weight="2" ss:Color="#000000"/><Border ss:Position="Left" ss:LineStyle="Continuous" ss:Weight="2" ss:Color="#000000"/><Border ss:Position="Right" ss:LineStyle="Continuous" ss:Weight="2" ss:Color="#000000"/><Border ss:Position="Top" ss:LineStyle="Continuous" ss:Weight="2" ss:Color="#000000"/></Borders><Interior ss:Color="#99ccff" ss:Pattern="Solid"/></Style><Style ss:ID="ce13" ss:Parent="Normal"><Alignment ss:Vertical="Top" ss:WrapText="1"/><Borders><Border ss:Position="Bottom" ss:LineStyle="Continuous" ss:Weight="2" ss:Color="#000000"/><Border ss:Position="Left" ss:LineStyle="Continuous" ss:Weight="2" ss:Color="#000000"/><Border ss:Position="Right" ss:LineStyle="Continuous" ss:Weight="2" ss:Color="#000000"/><Border ss:Position="Top" ss:LineStyle="Continuous" ss:Weight="2" ss:Color="#000000"/></Borders></Style><Style ss:ID="ce14" ss:Parent="Normal"><Alignment ss:Vertical="Top" ss:WrapText="1"/><Borders><Border ss:Position="Bottom" ss:LineStyle="Continuous" ss:Weight="2" ss:Color="#000000"/><Border ss:Position="Right" ss:LineStyle="Continuous" ss:Weight="2" ss:Color="#000000"/><Border ss:Position="Top" ss:LineStyle="Continuous" ss:Weight="2" ss:Color="#000000"/></Borders></Style><Style ss:ID="ce15" ss:Parent="Normal"><Alignment ss:Vertical="Top" ss:WrapText="1"/><Borders><Border ss:Position="Bottom" ss:LineStyle="Continuous" ss:Weight="2" ss:Color="#000000"/><Border ss:Position="Right" ss:LineStyle="Continuous" ss:Weight="2" ss:Color="#000000"/></Borders></Style><Style ss:ID="ce16" ss:Parent="Normal"><Alignment ss:Vertical="Top" ss:WrapText="1"/><Borders><Border ss:Position="Bottom" ss:LineStyle="Continuous" ss:Weight="2" ss:Color="#000000"/><Border ss:Position="Right" ss:LineStyle="Continuous" ss:Weight="2" ss:Color="#000000"/></Borders><Interior ss:Color="#ccffff" ss:Pattern="Solid"/></Style><Style ss:ID="ce17"><Interior ss:Color="#ccffff" ss:Pattern="Solid"/></Style></Styles><ss:Worksheet ss:Name="FPU Verification Plan"><Table ss:StyleID="ta1"><Column ss:StyleID="ce4" ss:Width="78.012"/><Column ss:StyleID="Normal" ss:Width="162.7344"/><Column ss:StyleID="Normal" ss:Width="292.5072"/><Column ss:StyleID="Normal" ss:Width="127.5048"/><Column ss:StyleID="Normal" ss:Width="51.7608"/><Column ss:StyleID="Normal" ss:Width="54"/><Column ss:StyleID="Normal" ss:Width="39.0024"/><Column ss:StyleID="Normal" ss:Width="88.4952"/><Column ss:StyleID="Normal" ss:Width="71.2656"/><Column ss:StyleID="Normal" ss:Width="96.012"/><Column ss:StyleID="Default" ss:Span="245" ss:Width="64.26"/><Row ss:AutoFitHeight="0" ss:Height="18.7344"><Cell ss:StyleID="ce1"><Data ss:Type="String">Reference</Data></Cell><Cell ss:StyleID="ce5"><Data ss:Type="String">Section</Data></Cell><Cell ss:StyleID="ce5"><Data ss:Type="String">Description</Data></Cell><Cell ss:StyleID="ce12"><Data ss:Type="String">Link</Data></Cell><Cell ss:StyleID="ce5"><Data ss:Type="String">Type</Data></Cell><Cell ss:StyleID="ce5"><Data ss:Type="String">Weight</Data></Cell><Cell ss:StyleID="ce5"><Data ss:Type="String">Goal</Data></Cell><Cell ss:StyleID="ce5"><Data ss:Type="String">Response Checking</Data></Cell><Cell ss:StyleID="ce5"><Data ss:Type="String">Priority</Data></Cell><Cell ss:StyleID="ce5"><Data ss:Type="String">Responsible</Data></Cell><Cell ss:Index="256"/></Row><Row ss:AutoFitHeight="0" ss:Height="26.2512"><Cell ss:StyleID="ce2"><Data ss:Type="String">3</Data></Cell><Cell ss:StyleID="ce6"><Data ss:Type="String">Core functionality</Data></Cell><Cell ss:StyleID="ce9"/><Cell ss:StyleID="ce6"/><Cell ss:StyleID="ce9"/><Cell ss:StyleID="ce9"/><Cell ss:StyleID="ce9"/><Cell ss:StyleID="ce9"/><Cell ss:StyleID="ce9"><Data ss:Type="Number">1</Data></Cell><Cell ss:StyleID="ce9"><Data ss:Type="String">MrLead</Data></Cell><Cell ss:StyleID="ce17"/><Cell ss:StyleID="ce17"/><Cell ss:StyleID="ce17"/><Cell ss:StyleID="ce17"/><Cell ss:StyleID="ce17"/><Cell ss:StyleID="ce17"/><Cell ss:StyleID="ce17"/><Cell ss:StyleID="ce17"/><Cell ss:StyleID="ce17"/><Cell ss:StyleID="ce17"/><Cell ss:StyleID="ce17"/><Cell ss:StyleID="ce17"/><Cell ss:StyleID="ce17"/><Cell ss:StyleID="ce17"/><Cell ss:StyleID="ce17"/><Cell ss:StyleID="ce17"/><Cell ss:StyleID="ce17"/><Cell ss:StyleID="ce17"/><Cell ss:StyleID="ce17"/><Cell ss:StyleID="ce17"/><Cell ss:StyleID="ce17"/><Cell ss:StyleID="ce17"/><Cell ss:StyleID="ce17"/><Cell ss:StyleID="ce17"/><Cell ss:StyleID="ce17"/><Cell ss:StyleID="ce17"/><Cell ss:StyleID="ce17"/><Cell ss:StyleID="ce17"/><Cell ss:StyleID="ce17"/><Cell ss:StyleID="ce17"/><Cell ss:StyleID="ce17"/><Cell ss:StyleID="ce17"/><Cell ss:StyleID="ce17"/><Cell ss:StyleID="ce17"/><Cell ss:StyleID="ce17"/><Cell ss:StyleID="ce17"/><Cell ss:StyleID="ce17"/><Cell ss:StyleID="ce17"/><Cell ss:StyleID="ce17"/><Cell ss:StyleID="ce17"/><Cell ss:StyleID="ce17"/><Cell ss:StyleID="ce17"/><Cell ss:StyleID="ce17"/><Cell ss:StyleID="ce17"/><Cell ss:StyleID="ce17"/><Cell ss:StyleID="ce17"/><Cell ss:StyleID="ce17"/><Cell ss:StyleID="ce17"/><Cell ss:StyleID="ce17"/><Cell ss:StyleID="ce17"/><Cell ss:StyleID="ce17"/><Cell ss:StyleID="ce17"/><Cell ss:StyleID="ce17"/><Cell ss:StyleID="ce17"/><Cell ss:StyleID="ce17"/><Cell ss:StyleID="ce17"/><Cell ss:StyleID="ce17"/><Cell ss:StyleID="ce17"/><Cell ss:StyleID="ce17"/><Cell ss:StyleID="ce17"/><Cell ss:StyleID="ce17"/><Cell ss:StyleID="ce17"/><Cell ss:StyleID="ce17"/><Cell ss:StyleID="ce17"/><Cell ss:StyleID="ce17"/><Cell ss:StyleID="ce17"/><Cell ss:StyleID="ce17"/><Cell ss:StyleID="ce17"/><Cell ss:StyleID="ce17"/><Cell ss:StyleID="ce17"/><Cell ss:StyleID="ce17"/><Cell ss:StyleID="ce17"/><Cell ss:StyleID="ce17"/><Cell ss:StyleID="ce17"/><Cell ss:StyleID="ce17"/><Cell ss:StyleID="ce17"/><Cell ss:StyleID="ce17"/><Cell ss:StyleID="ce17"/><Cell ss:StyleID="ce17"/><Cell ss:StyleID="ce17"/><Cell ss:StyleID="ce17"/><Cell ss:StyleID="ce17"/><Cell ss:StyleID="ce17"/><Cell ss:StyleID="ce17"/><Cell ss:StyleID="ce17"/><Cell ss:StyleID="ce17"/><Cell ss:StyleID="ce17"/><Cell ss:StyleID="ce17"/><Cell ss:StyleID="ce17"/><Cell ss:StyleID="ce17"/><Cell ss:StyleID="ce17"/><Cell ss:StyleID="ce17"/><Cell ss:StyleID="ce17"/><Cell ss:StyleID="ce17"/><Cell ss:StyleID="ce17"/><Cell ss:StyleID="ce17"/><Cell ss:StyleID="ce17"/><Cell ss:StyleID="ce17"/><Cell ss:StyleID="ce17"/><Cell ss:StyleID="ce17"/><Cell ss:StyleID="ce17"/><Cell ss:StyleID="ce17"/><Cell ss:StyleID="ce17"/><Cell ss:StyleID="ce17"/><Cell ss:StyleID="ce17"/><Cell ss:StyleID="ce17"/><Cell ss:StyleID="ce17"/><Cell ss:StyleID="ce17"/><Cell ss:StyleID="ce17"/><Cell ss:StyleID="ce17"/><Cell ss:StyleID="ce17"/><Cell ss:StyleID="ce17"/><Cell ss:StyleID="ce17"/><Cell ss:StyleID="ce17"/><Cell ss:StyleID="ce17"/><Cell ss:StyleID="ce17"/><Cell ss:StyleID="ce17"/><Cell ss:StyleID="ce17"/><Cell ss:StyleID="ce17"/><Cell ss:StyleID="ce17"/><Cell ss:StyleID="ce17"/><Cell ss:StyleID="ce17"/><Cell ss:StyleID="ce17"/><Cell ss:StyleID="ce17"/><Cell ss:StyleID="ce17"/><Cell ss:StyleID="ce17"/><Cell ss:StyleID="ce17"/><Cell ss:StyleID="ce17"/><Cell ss:StyleID="ce17"/><Cell ss:StyleID="ce17"/><Cell ss:StyleID="ce17"/><Cell ss:StyleID="ce17"/><Cell ss:StyleID="ce17"/><Cell ss:StyleID="ce17"/><Cell ss:StyleID="ce17"/><Cell ss:StyleID="ce17"/><Cell ss:StyleID="ce17"/><Cell ss:StyleID="ce17"/><Cell ss:StyleID="ce17"/><Cell ss:StyleID="ce17"/><Cell ss:StyleID="ce17"/><Cell ss:StyleID="ce17"/><Cell ss:StyleID="ce17"/><Cell ss:StyleID="ce17"/><Cell ss:StyleID="ce17"/><Cell ss:StyleID="ce17"/><Cell ss:StyleID="ce17"/><Cell ss:StyleID="ce17"/><Cell ss:StyleID="ce17"/><Cell ss:StyleID="ce17"/><Cell ss:StyleID="ce17"/><Cell ss:StyleID="ce17"/><Cell ss:StyleID="ce17"/><Cell ss:StyleID="ce17"/><Cell ss:StyleID="ce17"/><Cell ss:StyleID="ce17"/><Cell ss:StyleID="ce17"/><Cell ss:StyleID="ce17"/><Cell ss:StyleID="ce17"/><Cell ss:StyleID="ce17"/><Cell ss:StyleID="ce17"/><Cell ss:StyleID="ce17"/><Cell ss:StyleID="ce17"/><Cell ss:StyleID="ce17"/><Cell ss:StyleID="ce17"/><Cell ss:StyleID="ce17"/><Cell ss:StyleID="ce17"/><Cell ss:StyleID="ce17"/><Cell ss:StyleID="ce17"/><Cell ss:StyleID="ce17"/><Cell ss:StyleID="ce17"/><Cell ss:StyleID="ce17"/><Cell ss:StyleID="ce17"/><Cell ss:StyleID="ce17"/><Cell ss:StyleID="ce17"/><Cell ss:StyleID="ce17"/><Cell ss:StyleID="ce17"/><Cell ss:StyleID="ce17"/><Cell ss:StyleID="ce17"/><Cell ss:StyleID="ce17"/><Cell ss:StyleID="ce17"/><Cell ss:StyleID="ce17"/><Cell ss:StyleID="ce17"/><Cell ss:StyleID="ce17"/><Cell ss:StyleID="ce17"/><Cell ss:StyleID="ce17"/><Cell ss:StyleID="ce17"/><Cell ss:StyleID="ce17"/><Cell ss:StyleID="ce17"/><Cell ss:StyleID="ce17"/><Cell ss:StyleID="ce17"/><Cell ss:StyleID="ce17"/><Cell ss:StyleID="ce17"/><Cell ss:StyleID="ce17"/><Cell ss:StyleID="ce17"/><Cell ss:StyleID="ce17"/><Cell ss:StyleID="ce17"/><Cell ss:StyleID="ce17"/><Cell ss:StyleID="ce17"/><Cell ss:StyleID="ce17"/><Cell ss:StyleID="ce17"/><Cell ss:StyleID="ce17"/><Cell ss:StyleID="ce17"/><Cell ss:StyleID="ce17"/><Cell ss:StyleID="ce17"/><Cell ss:StyleID="ce17"/><Cell ss:StyleID="ce17"/><Cell ss:StyleID="ce17"/><Cell ss:StyleID="ce17"/><Cell ss:StyleID="ce17"/><Cell ss:StyleID="ce17"/><Cell ss:StyleID="ce17"/><Cell ss:StyleID="ce17"/><Cell ss:StyleID="ce17"/><Cell ss:StyleID="ce17"/><Cell ss:StyleID="ce17"/><Cell ss:StyleID="ce17"/><Cell ss:StyleID="ce17"/><Cell ss:StyleID="ce17"/><Cell ss:StyleID="ce17"/><Cell ss:StyleID="ce17"/><Cell ss:StyleID="ce17"/><Cell ss:StyleID="ce17"/><Cell ss:StyleID="ce17"/><Cell ss:StyleID="ce17"/><Cell ss:StyleID="ce17"/><Cell ss:StyleID="ce17"/><Cell ss:StyleID="ce17"/><Cell ss:StyleID="ce17"/><Cell ss:StyleID="ce17"/><Cell ss:StyleID="ce17"/><Cell ss:StyleID="ce17"/><Cell ss:StyleID="ce17"/><Cell ss:StyleID="ce17"/><Cell ss:StyleID="ce17"/><Cell ss:StyleID="ce17"/><Cell ss:StyleID="ce17"/><Cell ss:StyleID="ce17"/><Cell ss:StyleID="ce17"/><Cell ss:StyleID="ce17"/><Cell ss:StyleID="ce17"/><Cell ss:StyleID="ce17"/><Cell ss:StyleID="ce17"/><Cell ss:StyleID="ce17"/><Cell ss:StyleID="ce17"/><Cell ss:StyleID="ce17"/></Row><Row ss:AutoFitHeight="0" ss:Height="13.4928"><Cell ss:StyleID="ce3"><Data ss:Type="String">3.2</Data></Cell><Cell ss:StyleID="ce7"><Data ss:Type="String">Exception </Data></Cell><Cell ss:StyleID="ce10"/><Cell ss:StyleID="ce13"/><Cell ss:StyleID="ce10"/><Cell ss:StyleID="ce14"/><Cell ss:StyleID="ce10"/><Cell ss:StyleID="ce14"/><Cell ss:StyleID="ce14"><Data ss:Type="Number">1</Data></Cell><Cell ss:StyleID="ce14"><Data ss:Type="String">JoeR</Data></Cell><Cell ss:Index="256"/></Row><Row ss:AutoFitHeight="0" ss:Height="26.2512"><Cell ss:StyleID="ce3"><Data ss:Type="String">3.2.0</Data></Cell><Cell ss:StyleID="ce7"><Data ss:Type="String">Exception Signals</Data></Cell><Cell ss:StyleID="ce10"><Data ss:Type="String">Verify that all exceptions are operating</Data></Cell><Cell ss:StyleID="ce13"><Data ss:Type="String">fcoverage:exception;</Data></Cell><Cell ss:StyleID="ce10"><Data ss:Type="String">CoverPoint</Data></Cell><Cell ss:StyleID="ce14"><Data ss:Type="Number">1</Data></Cell><Cell ss:StyleID="ce10"><Data ss:Type="Number">100</Data></Cell><Cell ss:StyleID="ce14"><Data ss:Type="String">Reference model</Data></Cell><Cell ss:StyleID="ce14"><Data ss:Type="Number">1</Data></Cell><Cell ss:StyleID="ce14"><Data ss:Type="String">JoeR</Data></Cell><Cell ss:Index="256"/></Row><Row ss:AutoFitHeight="0" ss:Height="51.7608"><Cell ss:StyleID="ce3"><Data ss:Type="String">3.2.1</Data></Cell><Cell ss:StyleID="ce7"><Data ss:Type="String">Invalid Operation </Data></Cell><Cell ss:StyleID="ce10"><Data ss:Type="String">Verify that results of every invalid operation are a QNaN string with a QNaN or SNaN exception</Data></Cell><Cell ss:StyleID="ce13"><Data ss:Type="String">fcoverage:nanXop; fcoverage:add_subXinf; fcoverage:mul_Xinf; fcoverage:divXinf_zero;</Data></Cell><Cell ss:StyleID="ce10"><Data ss:Type="String">Cross</Data></Cell><Cell ss:StyleID="ce14"><Data ss:Type="Number">1</Data></Cell><Cell ss:StyleID="ce10"><Data ss:Type="Number">100</Data></Cell><Cell ss:StyleID="ce14"><Data ss:Type="String">Reference model</Data></Cell><Cell ss:StyleID="ce14"><Data ss:Type="Number">1</Data></Cell><Cell ss:StyleID="ce14"><Data ss:Type="String">JoeR</Data></Cell><Cell ss:Index="256"/></Row><Row ss:Index="6" ss:AutoFitHeight="0" ss:Height="39.0024"><Cell ss:StyleID="ce3"><Data ss:Type="String">3.2.2</Data></Cell><Cell ss:StyleID="ce8"><Data ss:Type="String">NaN1</Data></Cell><Cell ss:StyleID="ce11"><Data ss:Type="String">Verify that the SNaN string can never be the result of any operation.</Data></Cell><Cell ss:StyleID="ce13"><Data ss:Type="String">fcoverage:nanXop;</Data></Cell><Cell ss:StyleID="ce10"><Data ss:Type="String">Cross</Data></Cell><Cell ss:StyleID="ce15"><Data ss:Type="Number">1</Data></Cell><Cell ss:StyleID="ce11"><Data ss:Type="Number">100</Data></Cell><Cell ss:StyleID="ce14"><Data ss:Type="String">Reference model</Data></Cell><Cell ss:StyleID="ce14"><Data ss:Type="Number">3</Data></Cell><Cell ss:StyleID="ce14"><Data ss:Type="String">JoeR</Data></Cell><Cell ss:Index="256"/></Row><Row ss:AutoFitHeight="0" ss:Height="51.7608"><Cell ss:StyleID="ce3"><Data ss:Type="String">3.2.3</Data></Cell><Cell ss:StyleID="ce7"><Data ss:Type="String">Division by Zero</Data></Cell><Cell ss:StyleID="ce10"><Data ss:Type="String">Verify that division of any number by zero other than zero itself gives infinity as a result. And verify that a divide-by-zero exception is created.</Data></Cell><Cell ss:StyleID="ce13"><Data ss:Type="String">fcoverage:divXexc;</Data></Cell><Cell ss:StyleID="ce10"><Data ss:Type="String">Cross</Data></Cell><Cell ss:StyleID="ce15"><Data ss:Type="Number">1</Data></Cell><Cell ss:StyleID="ce11"><Data ss:Type="Number">100</Data></Cell><Cell ss:StyleID="ce14"><Data ss:Type="Number">1</Data></Cell><Cell ss:StyleID="ce14"><Data ss:Type="Number">1</Data></Cell><Cell ss:StyleID="ce14"><Data ss:Type="String">JoeR</Data></Cell><Cell ss:Index="256"/></Row><Row ss:AutoFitHeight="0" ss:Height="13.4928"><Cell ss:StyleID="ce3"><Data ss:Type="String">3.3</Data></Cell><Cell ss:StyleID="ce7"><Data ss:Type="String">Rounding Modes</Data></Cell><Cell ss:StyleID="ce10"/><Cell ss:StyleID="ce13"/><Cell ss:StyleID="ce10"/><Cell ss:StyleID="ce15"/><Cell ss:StyleID="ce11"/><Cell ss:StyleID="ce14"/><Cell ss:StyleID="ce14"><Data ss:Type="Number">2</Data></Cell><Cell ss:StyleID="ce14"><Data ss:Type="String">JohnL</Data></Cell><Cell ss:Index="256"/></Row><Row ss:AutoFitHeight="0" ss:Height="13.4928"><Cell ss:StyleID="ce3"><Data ss:Type="String">3.3.0</Data></Cell><Cell ss:StyleID="ce7"><Data ss:Type="String">Rounding bits</Data></Cell><Cell ss:StyleID="ce10"><Data ss:Type="String">Verify that the rounding bit are working as defined</Data></Cell><Cell ss:StyleID="ce13"><Data ss:Type="String">fcoverage:nanXop;</Data></Cell><Cell ss:StyleID="ce10"><Data ss:Type="String">Cross</Data></Cell><Cell ss:StyleID="ce15"><Data ss:Type="Number">1</Data></Cell><Cell ss:StyleID="ce11"><Data ss:Type="Number">100</Data></Cell><Cell ss:StyleID="ce14"/><Cell ss:StyleID="ce14"><Data ss:Type="Number">2</Data></Cell><Cell ss:StyleID="ce14"><Data ss:Type="String">JohnL</Data></Cell><Cell ss:Index="256"/></Row><Row ss:AutoFitHeight="0" ss:Height="39.0024"><Cell ss:StyleID="ce3"><Data ss:Type="String">3.3.1</Data></Cell><Cell ss:StyleID="ce7"><Data ss:Type="String">Round to nearest even </Data></Cell><Cell ss:StyleID="ce10"><Data ss:Type="String">Verify that the If the result value is exactly halfway between two infinitely precise results, it is rounded up to the nearest infinitely precise even. </Data></Cell><Cell ss:StyleID="ce13"><Data ss:Type="String">fcoverage:round;</Data></Cell><Cell ss:StyleID="ce10"><Data ss:Type="String">CoverPoint</Data></Cell><Cell ss:StyleID="ce15"><Data ss:Type="Number">1</Data></Cell><Cell ss:StyleID="ce11"><Data ss:Type="Number">100</Data></Cell><Cell ss:StyleID="ce14"/><Cell ss:StyleID="ce14"><Data ss:Type="Number">2</Data></Cell><Cell ss:StyleID="ce14"><Data ss:Type="String">JohnL</Data></Cell><Cell ss:Index="256"/></Row><Row ss:AutoFitHeight="0" ss:Height="13.4928"><Cell ss:StyleID="ce3"><Data ss:Type="String">3.3.2</Data></Cell><Cell ss:StyleID="ce7"><Data ss:Type="String">Round-to-Zero </Data></Cell><Cell ss:StyleID="ce10"><Data ss:Type="String">Verify that the excess bits will simply get truncated</Data></Cell><Cell ss:StyleID="ce13"><Data ss:Type="String">fcoverage:round;</Data></Cell><Cell ss:StyleID="ce10"><Data ss:Type="String">CoverPoint</Data></Cell><Cell ss:StyleID="ce15"><Data ss:Type="Number">1</Data></Cell><Cell ss:StyleID="ce11"><Data ss:Type="Number">100</Data></Cell><Cell ss:StyleID="ce14"/><Cell ss:StyleID="ce14"><Data ss:Type="Number">2</Data></Cell><Cell ss:StyleID="ce14"><Data ss:Type="String">JohnL</Data></Cell><Cell ss:Index="256"/></Row><Row ss:Index="12" ss:AutoFitHeight="0" ss:Height="13.4928"><Cell ss:StyleID="ce3"><Data ss:Type="String">3.3.3</Data></Cell><Cell ss:StyleID="ce7"><Data ss:Type="String">Round-Up </Data></Cell><Cell ss:StyleID="ce10"><Data ss:Type="String">Verify that the number will be rounded up towards +</Data></Cell><Cell ss:StyleID="ce13"><Data ss:Type="String">fcoverage:round;</Data></Cell><Cell ss:StyleID="ce10"><Data ss:Type="String">CoverPoint</Data></Cell><Cell ss:StyleID="ce15"><Data ss:Type="Number">1</Data></Cell><Cell ss:StyleID="ce11"><Data ss:Type="Number">100</Data></Cell><Cell ss:StyleID="ce14"/><Cell ss:StyleID="ce14"><Data ss:Type="Number">2</Data></Cell><Cell ss:StyleID="ce14"><Data ss:Type="String">JohnL</Data></Cell><Cell ss:Index="256"/></Row><Row ss:AutoFitHeight="0" ss:Height="13.4928"><Cell ss:StyleID="ce3"><Data ss:Type="String">3.3.4</Data></Cell><Cell ss:StyleID="ce7"><Data ss:Type="String">Round-Down</Data></Cell><Cell ss:StyleID="ce10"><Data ss:Type="String">Verify that the opposite of round-up, the number will be rounded</Data></Cell><Cell ss:StyleID="ce13"><Data ss:Type="String">fcoverage:round;</Data></Cell><Cell ss:StyleID="ce10"><Data ss:Type="String">CoverPoint</Data></Cell><Cell ss:StyleID="ce15"><Data ss:Type="Number">1</Data></Cell><Cell ss:StyleID="ce11"><Data ss:Type="Number">100</Data></Cell><Cell ss:StyleID="ce14"/><Cell ss:StyleID="ce14"><Data ss:Type="Number">2</Data></Cell><Cell ss:StyleID="ce14"><Data ss:Type="String">JohnL</Data></Cell><Cell ss:Index="256"/></Row><Row ss:AutoFitHeight="0" ss:Height="77.2416"><Cell ss:StyleID="ce3"><Data ss:Type="String">3.4</Data></Cell><Cell ss:StyleID="ce7"><Data ss:Type="String">Operations on floating point numbers </Data></Cell><Cell ss:StyleID="ce10"><Data ss:Type="String">Verify the operations supportedAdd Subtract Multiply Divide Square Root </Data></Cell><Cell ss:StyleID="ce13"><Data ss:Type="String">fcoverage:operation;</Data></Cell><Cell ss:StyleID="ce10"><Data ss:Type="String">CoverPoint</Data></Cell><Cell ss:StyleID="ce15"/><Cell ss:StyleID="ce11"/><Cell ss:StyleID="ce14"/><Cell ss:StyleID="ce14"><Data ss:Type="Number">1</Data></Cell><Cell ss:StyleID="ce14"><Data ss:Type="String">USelf</Data></Cell><Cell ss:Index="256"/></Row><Row ss:AutoFitHeight="0" ss:Height="13.4928"><Cell ss:StyleID="ce3"><Data ss:Type="String">3.5</Data></Cell><Cell ss:StyleID="ce7"><Data ss:Type="String">Operations followed by a Operations</Data></Cell><Cell ss:StyleID="ce10"><Data ss:Type="String">Verify that an operation can be followed with all others</Data></Cell><Cell ss:StyleID="ce13"><Data ss:Type="String">fcoverage:N2N_operations;</Data></Cell><Cell ss:StyleID="ce10"><Data ss:Type="String">Cross</Data></Cell><Cell ss:StyleID="ce15"><Data ss:Type="Number">1</Data></Cell><Cell ss:StyleID="ce11"><Data ss:Type="Number">100</Data></Cell><Cell ss:StyleID="ce14"/><Cell ss:StyleID="ce14"><Data ss:Type="Number">1</Data></Cell><Cell ss:StyleID="ce14"><Data ss:Type="String">USelf</Data></Cell><Cell ss:Index="256"/></Row><Row ss:AutoFitHeight="0" ss:Height="13.4928"><Cell ss:StyleID="ce2"><Data ss:Type="String">4</Data></Cell><Cell ss:StyleID="ce6"><Data ss:Type="String">Pipeline</Data></Cell><Cell ss:StyleID="ce9"/><Cell ss:StyleID="ce6"/><Cell ss:StyleID="ce9"/><Cell ss:StyleID="ce16"/><Cell ss:StyleID="ce16"/><Cell ss:StyleID="ce9"/><Cell ss:StyleID="ce9"><Data ss:Type="Number">2</Data></Cell><Cell ss:StyleID="ce9"><Data ss:Type="String">ChuckS</Data></Cell><Cell ss:StyleID="ce17"/><Cell ss:StyleID="ce17"/><Cell ss:StyleID="ce17"/><Cell ss:StyleID="ce17"/><Cell ss:StyleID="ce17"/><Cell ss:StyleID="ce17"/><Cell ss:StyleID="ce17"/><Cell ss:StyleID="ce17"/><Cell ss:StyleID="ce17"/><Cell ss:StyleID="ce17"/><Cell ss:StyleID="ce17"/><Cell ss:StyleID="ce17"/><Cell ss:StyleID="ce17"/><Cell ss:StyleID="ce17"/><Cell ss:StyleID="ce17"/><Cell ss:StyleID="ce17"/><Cell ss:StyleID="ce17"/><Cell ss:StyleID="ce17"/><Cell ss:StyleID="ce17"/><Cell ss:StyleID="ce17"/><Cell ss:StyleID="ce17"/><Cell ss:StyleID="ce17"/><Cell ss:StyleID="ce17"/><Cell ss:StyleID="ce17"/><Cell ss:StyleID="ce17"/><Cell ss:StyleID="ce17"/><Cell ss:StyleID="ce17"/><Cell ss:StyleID="ce17"/><Cell ss:StyleID="ce17"/><Cell ss:StyleID="ce17"/><Cell ss:StyleID="ce17"/><Cell ss:StyleID="ce17"/><Cell ss:StyleID="ce17"/><Cell ss:StyleID="ce17"/><Cell ss:StyleID="ce17"/><Cell ss:StyleID="ce17"/><Cell ss:StyleID="ce17"/><Cell ss:StyleID="ce17"/><Cell ss:StyleID="ce17"/><Cell ss:StyleID="ce17"/><Cell ss:StyleID="ce17"/><Cell ss:StyleID="ce17"/><Cell ss:StyleID="ce17"/><Cell ss:StyleID="ce17"/><Cell ss:StyleID="ce17"/><Cell ss:StyleID="ce17"/><Cell ss:StyleID="ce17"/><Cell ss:StyleID="ce17"/><Cell ss:StyleID="ce17"/><Cell ss:StyleID="ce17"/><Cell ss:StyleID="ce17"/><Cell ss:StyleID="ce17"/><Cell ss:StyleID="ce17"/><Cell ss:StyleID="ce17"/><Cell ss:StyleID="ce17"/><Cell ss:StyleID="ce17"/><Cell ss:StyleID="ce17"/><Cell ss:StyleID="ce17"/><Cell ss:StyleID="ce17"/><Cell ss:StyleID="ce17"/><Cell ss:StyleID="ce17"/><Cell ss:StyleID="ce17"/><Cell ss:StyleID="ce17"/><Cell ss:StyleID="ce17"/><Cell ss:StyleID="ce17"/><Cell ss:StyleID="ce17"/><Cell ss:StyleID="ce17"/><Cell ss:StyleID="ce17"/><Cell ss:StyleID="ce17"/><Cell ss:StyleID="ce17"/><Cell ss:StyleID="ce17"/><Cell ss:StyleID="ce17"/><Cell ss:StyleID="ce17"/><Cell ss:StyleID="ce17"/><Cell ss:StyleID="ce17"/><Cell ss:StyleID="ce17"/><Cell ss:StyleID="ce17"/><Cell ss:StyleID="ce17"/><Cell ss:StyleID="ce17"/><Cell ss:StyleID="ce17"/><Cell ss:StyleID="ce17"/><Cell ss:StyleID="ce17"/><Cell ss:StyleID="ce17"/><Cell ss:StyleID="ce17"/><Cell ss:StyleID="ce17"/><Cell ss:StyleID="ce17"/><Cell ss:StyleID="ce17"/><Cell ss:StyleID="ce17"/><Cell ss:StyleID="ce17"/><Cell ss:StyleID="ce17"/><Cell ss:StyleID="ce17"/><Cell ss:StyleID="ce17"/><Cell ss:StyleID="ce17"/><Cell ss:StyleID="ce17"/><Cell ss:StyleID="ce17"/><Cell ss:StyleID="ce17"/><Cell ss:StyleID="ce17"/><Cell ss:StyleID="ce17"/><Cell ss:StyleID="ce17"/><Cell ss:StyleID="ce17"/><Cell ss:StyleID="ce17"/><Cell ss:StyleID="ce17"/><Cell ss:StyleID="ce17"/><Cell ss:StyleID="ce17"/><Cell ss:StyleID="ce17"/><Cell ss:StyleID="ce17"/><Cell ss:StyleID="ce17"/><Cell ss:StyleID="ce17"/><Cell ss:StyleID="ce17"/><Cell ss:StyleID="ce17"/><Cell ss:StyleID="ce17"/><Cell ss:StyleID="ce17"/><Cell ss:StyleID="ce17"/><Cell ss:StyleID="ce17"/><Cell ss:StyleID="ce17"/><Cell ss:StyleID="ce17"/><Cell ss:StyleID="ce17"/><Cell ss:StyleID="ce17"/><Cell ss:StyleID="ce17"/><Cell ss:StyleID="ce17"/><Cell ss:StyleID="ce17"/><Cell ss:StyleID="ce17"/><Cell ss:StyleID="ce17"/><Cell ss:StyleID="ce17"/><Cell ss:StyleID="ce17"/><Cell ss:StyleID="ce17"/><Cell ss:StyleID="ce17"/><Cell ss:StyleID="ce17"/><Cell ss:StyleID="ce17"/><Cell ss:StyleID="ce17"/><Cell ss:StyleID="ce17"/><Cell ss:StyleID="ce17"/><Cell ss:StyleID="ce17"/><Cell ss:StyleID="ce17"/><Cell ss:StyleID="ce17"/><Cell ss:StyleID="ce17"/><Cell ss:StyleID="ce17"/><Cell ss:StyleID="ce17"/><Cell ss:StyleID="ce17"/><Cell ss:StyleID="ce17"/><Cell ss:StyleID="ce17"/><Cell ss:StyleID="ce17"/><Cell ss:StyleID="ce17"/><Cell ss:StyleID="ce17"/><Cell ss:StyleID="ce17"/><Cell ss:StyleID="ce17"/><Cell ss:StyleID="ce17"/><Cell ss:StyleID="ce17"/><Cell ss:StyleID="ce17"/><Cell ss:StyleID="ce17"/><Cell ss:StyleID="ce17"/><Cell ss:StyleID="ce17"/><Cell ss:StyleID="ce17"/><Cell ss:StyleID="ce17"/><Cell ss:StyleID="ce17"/><Cell ss:StyleID="ce17"/><Cell ss:StyleID="ce17"/><Cell ss:StyleID="ce17"/><Cell ss:StyleID="ce17"/><Cell ss:StyleID="ce17"/><Cell ss:StyleID="ce17"/><Cell ss:StyleID="ce17"/><Cell ss:StyleID="ce17"/><Cell ss:StyleID="ce17"/><Cell ss:StyleID="ce17"/><Cell ss:StyleID="ce17"/><Cell ss:StyleID="ce17"/><Cell ss:StyleID="ce17"/><Cell ss:StyleID="ce17"/><Cell ss:StyleID="ce17"/><Cell ss:StyleID="ce17"/><Cell ss:StyleID="ce17"/><Cell ss:StyleID="ce17"/><Cell ss:StyleID="ce17"/><Cell ss:StyleID="ce17"/><Cell ss:StyleID="ce17"/><Cell ss:StyleID="ce17"/><Cell ss:StyleID="ce17"/><Cell ss:StyleID="ce17"/><Cell ss:StyleID="ce17"/><Cell ss:StyleID="ce17"/><Cell ss:StyleID="ce17"/><Cell ss:StyleID="ce17"/><Cell ss:StyleID="ce17"/><Cell ss:StyleID="ce17"/><Cell ss:StyleID="ce17"/><Cell ss:StyleID="ce17"/><Cell ss:StyleID="ce17"/><Cell ss:StyleID="ce17"/><Cell ss:StyleID="ce17"/><Cell ss:StyleID="ce17"/><Cell ss:StyleID="ce17"/><Cell ss:StyleID="ce17"/><Cell ss:StyleID="ce17"/><Cell ss:StyleID="ce17"/><Cell ss:StyleID="ce17"/><Cell ss:StyleID="ce17"/><Cell ss:StyleID="ce17"/><Cell ss:StyleID="ce17"/><Cell ss:StyleID="ce17"/><Cell ss:StyleID="ce17"/><Cell ss:StyleID="ce17"/><Cell ss:StyleID="ce17"/><Cell ss:StyleID="ce17"/><Cell ss:StyleID="ce17"/><Cell ss:StyleID="ce17"/><Cell ss:StyleID="ce17"/><Cell ss:StyleID="ce17"/><Cell ss:StyleID="ce17"/><Cell ss:StyleID="ce17"/><Cell ss:StyleID="ce17"/><Cell ss:StyleID="ce17"/><Cell ss:StyleID="ce17"/><Cell ss:StyleID="ce17"/><Cell ss:StyleID="ce17"/><Cell ss:StyleID="ce17"/><Cell ss:StyleID="ce17"/><Cell ss:StyleID="ce17"/><Cell ss:StyleID="ce17"/><Cell ss:StyleID="ce17"/><Cell ss:StyleID="ce17"/><Cell ss:StyleID="ce17"/><Cell ss:StyleID="ce17"/><Cell ss:StyleID="ce17"/><Cell ss:StyleID="ce17"/><Cell ss:StyleID="ce17"/><Cell ss:StyleID="ce17"/><Cell ss:StyleID="ce17"/><Cell ss:StyleID="ce17"/><Cell ss:StyleID="ce17"/><Cell ss:StyleID="ce17"/><Cell ss:StyleID="ce17"/><Cell ss:StyleID="ce17"/><Cell ss:StyleID="ce17"/><Cell ss:StyleID="ce17"/><Cell ss:StyleID="ce17"/><Cell ss:StyleID="ce17"/><Cell ss:StyleID="ce17"/><Cell ss:StyleID="ce17"/><Cell ss:StyleID="ce17"/><Cell ss:StyleID="ce17"/><Cell ss:StyleID="ce17"/><Cell ss:StyleID="ce17"/><Cell ss:StyleID="ce17"/><Cell ss:StyleID="ce17"/><Cell ss:StyleID="ce17"/></Row><Row ss:Index="17" ss:AutoFitHeight="0" ss:Height="90"><Cell ss:StyleID="ce3"><Data ss:Type="String">4.1</Data></Cell><Cell ss:StyleID="ce7"><Data ss:Type="String">Operation delay</Data></Cell><Cell ss:StyleID="ce10"><Data ss:Type="String">"Verify the pipelined spec:Addition, 7 clksSubtraction, 7 clksMultiplication, 12 clksDivision, 35 clksSquare-root, 35 clks  hardware, page 16"</Data></Cell><Cell ss:StyleID="ce13"><Data ss:Type="String">covered_*_delay</Data></Cell><Cell ss:StyleID="ce10"><Data ss:Type="String">Directive</Data></Cell><Cell ss:StyleID="ce15"><Data ss:Type="Number">1</Data></Cell><Cell ss:StyleID="ce11"><Data ss:Type="Number">100</Data></Cell><Cell ss:StyleID="ce14"><Data ss:Type="String">Assertions on pin interfaces</Data></Cell><Cell ss:StyleID="ce14"><Data ss:Type="Number">2</Data></Cell><Cell ss:StyleID="ce14"><Data ss:Type="String">ChuckS</Data></Cell><Cell ss:Index="256"/></Row><Row ss:AutoFitHeight="0" ss:Height="13.4928"><Cell ss:StyleID="ce2"><Data ss:Type="String">5</Data></Cell><Cell ss:StyleID="ce6"><Data ss:Type="String">Pin interface</Data></Cell><Cell ss:StyleID="ce9"/><Cell ss:StyleID="ce6"/><Cell ss:StyleID="ce9"/><Cell ss:StyleID="ce16"/><Cell ss:StyleID="ce16"/><Cell ss:StyleID="ce9"/><Cell ss:StyleID="ce9"><Data ss:Type="Number">1</Data></Cell><Cell ss:StyleID="ce9"><Data ss:Type="String">USelf</Data></Cell><Cell ss:StyleID="ce17"/><Cell ss:StyleID="ce17"/><Cell ss:StyleID="ce17"/><Cell ss:StyleID="ce17"/><Cell ss:StyleID="ce17"/><Cell ss:StyleID="ce17"/><Cell ss:StyleID="ce17"/><Cell ss:StyleID="ce17"/><Cell ss:StyleID="ce17"/><Cell ss:StyleID="ce17"/><Cell ss:StyleID="ce17"/><Cell ss:StyleID="ce17"/><Cell ss:StyleID="ce17"/><Cell ss:StyleID="ce17"/><Cell ss:StyleID="ce17"/><Cell ss:StyleID="ce17"/><Cell ss:StyleID="ce17"/><Cell ss:StyleID="ce17"/><Cell ss:StyleID="ce17"/><Cell ss:StyleID="ce17"/><Cell ss:StyleID="ce17"/><Cell ss:StyleID="ce17"/><Cell ss:StyleID="ce17"/><Cell ss:StyleID="ce17"/><Cell ss:StyleID="ce17"/><Cell ss:StyleID="ce17"/><Cell ss:StyleID="ce17"/><Cell ss:StyleID="ce17"/><Cell ss:StyleID="ce17"/><Cell ss:StyleID="ce17"/><Cell ss:StyleID="ce17"/><Cell ss:StyleID="ce17"/><Cell ss:StyleID="ce17"/><Cell ss:StyleID="ce17"/><Cell ss:StyleID="ce17"/><Cell ss:StyleID="ce17"/><Cell ss:StyleID="ce17"/><Cell ss:StyleID="ce17"/><Cell ss:StyleID="ce17"/><Cell ss:StyleID="ce17"/><Cell ss:StyleID="ce17"/><Cell ss:StyleID="ce17"/><Cell ss:StyleID="ce17"/><Cell ss:StyleID="ce17"/><Cell ss:StyleID="ce17"/><Cell ss:StyleID="ce17"/><Cell ss:StyleID="ce17"/><Cell ss:StyleID="ce17"/><Cell ss:StyleID="ce17"/><Cell ss:StyleID="ce17"/><Cell ss:StyleID="ce17"/><Cell ss:StyleID="ce17"/><Cell ss:StyleID="ce17"/><Cell ss:StyleID="ce17"/><Cell ss:StyleID="ce17"/><Cell ss:StyleID="ce17"/><Cell ss:StyleID="ce17"/><Cell ss:StyleID="ce17"/><Cell ss:StyleID="ce17"/><Cell ss:StyleID="ce17"/><Cell ss:StyleID="ce17"/><Cell ss:StyleID="ce17"/><Cell ss:StyleID="ce17"/><Cell ss:StyleID="ce17"/><Cell ss:StyleID="ce17"/><Cell ss:StyleID="ce17"/><Cell ss:StyleID="ce17"/><Cell ss:StyleID="ce17"/><Cell ss:StyleID="ce17"/><Cell ss:StyleID="ce17"/><Cell ss:StyleID="ce17"/><Cell ss:StyleID="ce17"/><Cell ss:StyleID="ce17"/><Cell ss:StyleID="ce17"/><Cell ss:StyleID="ce17"/><Cell ss:StyleID="ce17"/><Cell ss:StyleID="ce17"/><Cell ss:StyleID="ce17"/><Cell ss:StyleID="ce17"/><Cell ss:StyleID="ce17"/><Cell ss:StyleID="ce17"/><Cell ss:StyleID="ce17"/><Cell ss:StyleID="ce17"/><Cell ss:StyleID="ce17"/><Cell ss:StyleID="ce17"/><Cell ss:StyleID="ce17"/><Cell ss:StyleID="ce17"/><Cell ss:StyleID="ce17"/><Cell ss:StyleID="ce17"/><Cell ss:StyleID="ce17"/><Cell ss:StyleID="ce17"/><Cell ss:StyleID="ce17"/><Cell ss:StyleID="ce17"/><Cell ss:StyleID="ce17"/><Cell ss:StyleID="ce17"/><Cell ss:StyleID="ce17"/><Cell ss:StyleID="ce17"/><Cell ss:StyleID="ce17"/><Cell ss:StyleID="ce17"/><Cell ss:StyleID="ce17"/><Cell ss:StyleID="ce17"/><Cell ss:StyleID="ce17"/><Cell ss:StyleID="ce17"/><Cell ss:StyleID="ce17"/><Cell ss:StyleID="ce17"/><Cell ss:StyleID="ce17"/><Cell ss:StyleID="ce17"/><Cell ss:StyleID="ce17"/><Cell ss:StyleID="ce17"/><Cell ss:StyleID="ce17"/><Cell ss:StyleID="ce17"/><Cell ss:StyleID="ce17"/><Cell ss:StyleID="ce17"/><Cell ss:StyleID="ce17"/><Cell ss:StyleID="ce17"/><Cell ss:StyleID="ce17"/><Cell ss:StyleID="ce17"/><Cell ss:StyleID="ce17"/><Cell ss:StyleID="ce17"/><Cell ss:StyleID="ce17"/><Cell ss:StyleID="ce17"/><Cell ss:StyleID="ce17"/><Cell ss:StyleID="ce17"/><Cell ss:StyleID="ce17"/><Cell ss:StyleID="ce17"/><Cell ss:StyleID="ce17"/><Cell ss:StyleID="ce17"/><Cell ss:StyleID="ce17"/><Cell ss:StyleID="ce17"/><Cell ss:StyleID="ce17"/><Cell ss:StyleID="ce17"/><Cell ss:StyleID="ce17"/><Cell ss:StyleID="ce17"/><Cell ss:StyleID="ce17"/><Cell ss:StyleID="ce17"/><Cell ss:StyleID="ce17"/><Cell ss:StyleID="ce17"/><Cell ss:StyleID="ce17"/><Cell ss:StyleID="ce17"/><Cell ss:StyleID="ce17"/><Cell ss:StyleID="ce17"/><Cell ss:StyleID="ce17"/><Cell ss:StyleID="ce17"/><Cell ss:StyleID="ce17"/><Cell ss:StyleID="ce17"/><Cell ss:StyleID="ce17"/><Cell ss:StyleID="ce17"/><Cell ss:StyleID="ce17"/><Cell ss:StyleID="ce17"/><Cell ss:StyleID="ce17"/><Cell ss:StyleID="ce17"/><Cell ss:StyleID="ce17"/><Cell ss:StyleID="ce17"/><Cell ss:StyleID="ce17"/><Cell ss:StyleID="ce17"/><Cell ss:StyleID="ce17"/><Cell ss:StyleID="ce17"/><Cell ss:StyleID="ce17"/><Cell ss:StyleID="ce17"/><Cell ss:StyleID="ce17"/><Cell ss:StyleID="ce17"/><Cell ss:StyleID="ce17"/><Cell ss:StyleID="ce17"/><Cell ss:StyleID="ce17"/><Cell ss:StyleID="ce17"/><Cell ss:StyleID="ce17"/><Cell ss:StyleID="ce17"/><Cell ss:StyleID="ce17"/><Cell ss:StyleID="ce17"/><Cell ss:StyleID="ce17"/><Cell ss:StyleID="ce17"/><Cell ss:StyleID="ce17"/><Cell ss:StyleID="ce17"/><Cell ss:StyleID="ce17"/><Cell ss:StyleID="ce17"/><Cell ss:StyleID="ce17"/><Cell ss:StyleID="ce17"/><Cell ss:StyleID="ce17"/><Cell ss:StyleID="ce17"/><Cell ss:StyleID="ce17"/><Cell ss:StyleID="ce17"/><Cell ss:StyleID="ce17"/><Cell ss:StyleID="ce17"/><Cell ss:StyleID="ce17"/><Cell ss:StyleID="ce17"/><Cell ss:StyleID="ce17"/><Cell ss:StyleID="ce17"/><Cell ss:StyleID="ce17"/><Cell ss:StyleID="ce17"/><Cell ss:StyleID="ce17"/><Cell ss:StyleID="ce17"/><Cell ss:StyleID="ce17"/><Cell ss:StyleID="ce17"/><Cell ss:StyleID="ce17"/><Cell ss:StyleID="ce17"/><Cell ss:StyleID="ce17"/><Cell ss:StyleID="ce17"/><Cell ss:StyleID="ce17"/><Cell ss:StyleID="ce17"/><Cell ss:StyleID="ce17"/><Cell ss:StyleID="ce17"/><Cell ss:StyleID="ce17"/><Cell ss:StyleID="ce17"/><Cell ss:StyleID="ce17"/><Cell ss:StyleID="ce17"/><Cell ss:StyleID="ce17"/><Cell ss:StyleID="ce17"/><Cell ss:StyleID="ce17"/><Cell ss:StyleID="ce17"/><Cell ss:StyleID="ce17"/><Cell ss:StyleID="ce17"/><Cell ss:StyleID="ce17"/><Cell ss:StyleID="ce17"/><Cell ss:StyleID="ce17"/><Cell ss:StyleID="ce17"/><Cell ss:StyleID="ce17"/><Cell ss:StyleID="ce17"/><Cell ss:StyleID="ce17"/><Cell ss:StyleID="ce17"/><Cell ss:StyleID="ce17"/><Cell ss:StyleID="ce17"/><Cell ss:StyleID="ce17"/><Cell ss:StyleID="ce17"/><Cell ss:StyleID="ce17"/><Cell ss:StyleID="ce17"/><Cell ss:StyleID="ce17"/><Cell ss:StyleID="ce17"/><Cell ss:StyleID="ce17"/><Cell ss:StyleID="ce17"/><Cell ss:StyleID="ce17"/><Cell ss:StyleID="ce17"/><Cell ss:StyleID="ce17"/><Cell ss:StyleID="ce17"/><Cell ss:StyleID="ce17"/><Cell ss:StyleID="ce17"/><Cell ss:StyleID="ce17"/><Cell ss:StyleID="ce17"/><Cell ss:StyleID="ce17"/><Cell ss:StyleID="ce17"/><Cell ss:StyleID="ce17"/><Cell ss:StyleID="ce17"/><Cell ss:StyleID="ce17"/><Cell ss:StyleID="ce17"/><Cell ss:StyleID="ce17"/><Cell ss:StyleID="ce17"/><Cell ss:StyleID="ce17"/></Row><Row ss:AutoFitHeight="0" ss:Height="39.0024"><Cell ss:StyleID="ce3"><Data ss:Type="String">5.1</Data></Cell><Cell ss:StyleID="ce7"><Data ss:Type="String">Valid opcode on pins</Data></Cell><Cell ss:StyleID="ce10"><Data ss:Type="String">"Verify the pin if:fpu_op_i always have legal values x0 -&gt; x4 hardware, page 17"</Data></Cell><Cell ss:StyleID="ce13"><Data ss:Type="String">covered_opcode</Data></Cell><Cell ss:StyleID="ce10"><Data ss:Type="String">Directive</Data></Cell><Cell ss:StyleID="ce14"><Data ss:Type="Number">1</Data></Cell><Cell ss:StyleID="ce11"><Data ss:Type="Number">100</Data></Cell><Cell ss:StyleID="ce14"><Data ss:Type="String">Assertions on pin interfaces</Data></Cell><Cell ss:StyleID="ce14"><Data ss:Type="Number">2</Data></Cell><Cell ss:StyleID="ce14"><Data ss:Type="String">USelf</Data></Cell><Cell ss:Index="256"/></Row><Row ss:AutoFitHeight="0" ss:Height="51.7608"><Cell ss:StyleID="ce3"><Data ss:Type="String">6</Data></Cell><Cell ss:StyleID="ce7"><Data ss:Type="String">Code Coverage</Data></Cell><Cell ss:StyleID="ce10"><Data ss:Type="String">"Ensure that all design units have 100% statement coverage100% branch coverage"</Data></Cell><Cell ss:StyleID="ce13"><Data ss:Type="String">/top/fpu_dut/*</Data></Cell><Cell ss:StyleID="ce10"><Data ss:Type="String">Instance</Data></Cell><Cell ss:StyleID="ce14"><Data ss:Type="Number">1</Data></Cell><Cell ss:StyleID="ce11"><Data ss:Type="Number">100</Data></Cell><Cell ss:StyleID="ce14"/><Cell ss:StyleID="ce14"><Data ss:Type="Number">1</Data></Cell><Cell ss:StyleID="ce14"><Data ss:Type="String">USelf</Data></Cell><Cell ss:Index="256"/></Row><Row ss:Height="12.8376"><Cell ss:Index="256"/></Row><Row ss:Index="65536" ss:Height="12.8376"><Cell ss:Index="256"/></Row></Table><x:WorksheetOptions/></ss:Worksheet></Workbook>